,experiment_name,control_rate,control_size,treatment_rate,treatment_size,lift_percent,z_score,p_value,is_significant,lower_ci,upper_ci
0,checkout_button_color,0.1434,6988,0.1672,7010,16.6,3.8873426145398486,0.00010134765754597458,True,0.011808,0.035794
0,pricing_display_test,0.142,6985,0.1427,6971,0.5,0.12095878273535356,0.9037236820280352,False,-0.010879,0.012311
0,email_subject_line,0.1453,6999,0.1458,6929,0.31,0.07658906747667624,0.9389504562965832,False,-0.011256,0.012171
0,product_page_layout,0.145,6891,0.1345,7204,-7.22,-1.7915605336552616,0.07320338982917947,False,-0.021917,0.00099
0,free_shipping_threshold,0.1402,6962,0.1536,7076,9.58,2.2467046714658685,0.02465890751085897,True,0.001719,0.025137
