,experiment_name,control_rate,treatment_rate,lift_percent,z_score,p_value,is_significant
0,checkout_button_color,1.8,2.17,20.26,4.521452472802526,6.1416750453540005e-06,True
0,pricing_display_test,1.81,1.84,1.55,0.3617510925187764,0.7175380427700087,False
0,email_subject_line,1.86,1.87,0.31,0.07364827681703916,0.9412902560696349,False
0,product_page_layout,1.85,1.72,-7.02,-1.6946722723555203,0.09013760845543098,False
0,free_shipping_threshold,1.81,1.96,8.54,1.96041891727507,0.049946846551629634,True
